Date,Content
2022-06-27,https://boxd.it/2XJ1DP
2022-08-26,https://boxd.it/CTTHB
2023-06-30,https://boxd.it/cI92L
2023-07-16,https://boxd.it/JOX21
2023-07-16,https://boxd.it/1tKysz
2023-08-11,https://boxd.it/11AIQ5
2023-08-14,https://boxd.it/5FtNt
2023-08-14,https://boxd.it/3ecWGN
2024-01-14,https://boxd.it/1f3zpf
2024-01-20,https://boxd.it/5sZja9
2024-01-26,https://boxd.it/5iMsfB
2024-01-26,https://boxd.it/dK8tJ
2024-02-01,https://boxd.it/1f3dtf
2024-02-01,https://boxd.it/N7VmD
2024-02-01,https://boxd.it/25Sj0N
2024-02-01,https://boxd.it/bNlgh
2024-02-01,https://boxd.it/w9g5x
2024-06-25,https://boxd.it/29GYBR
2024-06-25,https://boxd.it/v933f
2024-10-03,https://boxd.it/7snowp
2024-10-13,https://boxd.it/7xjhSF
2024-10-14,https://boxd.it/17GCrT
2024-10-14,https://boxd.it/3fBqiD
2025-06-07,https://boxd.it/7DkcG1
2025-11-15,https://boxd.it/2eN4EJ
